{"cameraMode":{"drawMode":0,"name":"Shaded","section":"Shading Mode"},"sceneLighting":false,"audioPlay":false,"sceneViewState":{"m_AlwaysRefresh":false,"showFog":true,"showSkybox":false,"showFlares":true,"showImageEffects":true,"showParticleSystems":true,"showVisualEffectGraphs":true,"m_FxEnabled":true},"in2DMode":false,"pivot":{"x":0.061042044311761859,"y":0.25114306807518008,"z":-0.4771828055381775},"rotation":{"x":0.34244731068611147,"y":-0.12463860213756561,"z":0.04594096541404724,"w":0.9300339221954346},"size":0.14877761900424958,"orthographic":false}