{"cameraMode":{"drawMode":0,"name":"Shaded","section":"Shading Mode"},"sceneLighting":false,"audioPlay":false,"sceneViewState":{"m_AlwaysRefresh":false,"showFog":true,"showSkybox":false,"showFlares":true,"showImageEffects":true,"showParticleSystems":true,"showVisualEffectGraphs":true,"m_FxEnabled":true},"in2DMode":false,"pivot":{"x":28.977069854736329,"y":3.7632107734680177,"z":-23.538372039794923},"rotation":{"x":-0.027540508657693864,"y":-0.6521085500717163,"z":0.023645617067813875,"w":-0.7571410536766052},"size":3.674234628677368,"orthographic":false}